94	rs112077649	-54	-54_C>T		-	17872266	C	T
156	rs770512467	51	51_G>A	18	p.Gly18Arg	17872371	G	A
215	-	175	175_T>A	59	p.Val59Glu	17872495	T	A
258	rs121909178	276	276_G>C	93	p.Gly93Arg	17872596	G	C
733	rs200597118	1831	1831_G>A	124	p.Arg124His	17874151	G	A
891	-	2174	2174_8365	142	p.Met142_Gln323del	17874494		
915	rs778780961	2218	2218_GA>G	157	p.Asn157ThrfsTer2	17874538		
1415	-	3660	3660_A>G	191	p.Asp191Gly	17875980	A	G
2078	-	5453	5453_G>T	250	p.Gly250Val	17877773	G	T
2105	rs121909176	5503	5503_C>G	267	p.Gln267Glu	17877823	C	G
2112	-	5513	5513_T>A	270	p.Val270Glu	17877833	T	A
2115	rs121909175	5520	5520_C>A	272	p.Cys272Ter	17877840	C	A
2183	-	5663	5663_5668	287	p.Val287_Gly288del	17877983		
								
3133	rs746316637	8528	8528_C>CCCCCAGTTCT	324	p.Tyr324LeufsTer12	17880848		
				320		17878082	G	A
3154	-	8566	8566_G>A	331	p.Asp331Asn	17880886	G	A
3180	-	8617	8617_T>G	348	p.Tyr348Asp	17880937	T	G
3471	rs121909174	9641	9641_A>C	354	p.Thr354Pro	17881961	A	C
3487	-	9687	9687_AG>T	369	p.Asp369Val	17882007	A	T
3496	rs375999547	9707	9707_C>T	376	p.Arg376Trp	17882027	C	T
3508	-	9738	9738_T>G	386	p.Ile386Ser	17882058	T	G
3509	-	9743	9743_A>T	388	p.Lys388Ter	17882063	A	T
3557	rs121909180	9840	9840_G>A	395	p.Gly395Arg	17882160	G	A
4172	-	11433	11433_11447	439	p.Ala439_Pro443del	17883753		
								
5559	rs371248346	16030	16030_C>T	516	p.Arg516Ter	17888350	C	T
								
5595	rs121909179	16112	16112_G>A	543	p.Gly543Glu	17888432	G	A
5604	-	16125	16125_C>A	547	p.Ser547Arg	17888445	C	A
6435	rs777997097	18593	18593_C>T	560	p.Pro560Leu	17890913	C	T
6438	rs1258025735	18596	18596_G>A	561	p.Gly561Glu	17890916	G	A
7394	rs763366347	21531	21531_C>T	636	p.Arg636Ter	17893851	C	T
7400	-	21540	21540_C>T	639	p.Gln639Ter	17893860	C	T
