,ID,exons,exon_id,gene_id,gene_name,transcript_id,delta_logit_psi,ref_acceptorIntron,ref_acceptor,ref_exon,ref_donor,ref_donorIntron,alt_acceptorIntron,alt_acceptor,alt_exon,alt_donor,alt_donorIntron,pathogenicity,efficiency
0,chr19:17872266:C:['T'],chr19:17871944-17872676:+,ENSE00000871060.4,ENSG00000105641.4,SLC5A5,ENST00000222248.4,0.017049776329773027,-1.2655714,1.871271,-2.911489,3.302922,-0.020592451,-1.2655714,1.871271,-2.9008908,3.302922,-0.020592451,0.3031218474581136,-0.08183313263731522
1,chr19:17872371:G:['A'],chr19:17871944-17872676:+,ENSE00000871060.4,ENSG00000105641.4,SLC5A5,ENST00000222248.4,-0.0066097444897634736,-1.2655714,1.871271,-2.911489,3.302922,-0.020592451,-1.2655714,1.871271,-2.9161787,3.302922,-0.020592451,0.3020809204481694,-0.14047791290099426
2,chr19:17872495:T:['A'],chr19:17871944-17872676:+,ENSE00000871060.4,ENSG00000105641.4,SLC5A5,ENST00000222248.4,0.007082241077925626,-1.2655714,1.871271,-2.911489,3.302922,-0.020592451,-1.2655714,1.871271,-2.9073315,3.302922,-0.020592451,0.30268306754613333,-0.10653963109405433
3,chr19:17872596:G:['C'],chr19:17871944-17872676:+,ENSE00000871060.4,ENSG00000105641.4,SLC5A5,ENST00000222248.4,0.028655936888996394,-1.2655714,1.871271,-2.911489,3.302922,-0.020592451,-1.2655714,1.871271,-2.8933914,3.302922,-0.020592451,0.30363321369739527,-0.05306497875574534
4,chr19:17874151:G:['A'],chr19:17874137-17874203:+,ENSE00000689848.1,ENSG00000105641.4,SLC5A5,ENST00000222248.4,-0.03666805839205475,-4.7306476,1.9981519,-2.9426885,7.0129776,-0.30472103,-4.7306476,1.9981519,-2.9668007,7.0129776,-0.30472103,0.06263054363117235,-0.21498336156760398
5,chr19:17874537:TG:['T'],chr19:17874493-17874545:+,ENSE00000689849.1,ENSG00000105641.4,SLC5A5,ENST00000222248.4,-0.7799158064865079,-3.7682676,4.866499,-2.3054738,2.270823,0.27545065,-3.7682676,4.866499,-2.8098443,2.270823,0.27545065,0.28055846689181974,-2.057269230370224
6,chr19:17875980:A:['G'],chr19:17875951-17876106:+,ENSE00000689852.1,ENSG00000105641.4,SLC5A5,ENST00000222248.4,-0.11626591541952319,-3.784393,5.5204625,-3.6052456,1.4688642,0.16280791,-3.784393,5.5204625,-3.680791,1.4688642,0.16280791,0.4122249016844857,-0.41228232085088307
7,chr19:17877773:G:['T'],chr19:17877722-17877863:+,ENSE00000689853.1,ENSG00000105641.4,SLC5A5,ENST00000222248.4,0.3450574739196811,-4.125807,2.5929937,-3.8759885,4.290849,0.13363716,-4.125807,2.5929937,-3.6534443,4.290849,0.13363716,0.23786519396201453,0.7311985215824798
8,chr19:17877823:C:['G'],chr19:17877722-17877863:+,ENSE00000689853.1,ENSG00000105641.4,SLC5A5,ENST00000222248.4,0.1502363262511968,-4.125807,2.5929937,-3.8759885,4.290849,0.13363716,-4.125807,2.5929937,-3.7793303,4.290849,0.13363716,0.2305806404811354,0.24829595213137745
9,chr19:17877833:T:['A'],chr19:17877722-17877863:+,ENSE00000689853.1,ENSG00000105641.4,SLC5A5,ENST00000222248.4,0.003619026231037357,-4.125807,2.5929937,-3.8759885,4.290849,0.13363716,-4.125807,2.5929937,-3.8740687,4.290849,0.13363716,0.22520242224539147,-0.11512389090433615
10,chr19:17877840:C:['A'],chr19:17877722-17877863:+,ENSE00000689853.1,ENSG00000105641.4,SLC5A5,ENST00000222248.4,0.06481380381002941,-4.125807,2.5929937,-3.8759885,4.290849,0.13363716,-4.125807,2.5929937,-3.834527,4.290849,0.13363716,0.22743629103668797,0.03655941290295568
11,chr19:17877982:GGTCGGC:['G'],chr19:17877963-17878093:+,ENSE00000689854.1,ENSG00000105641.4,SLC5A5,ENST00000222248.4,0.08991380947532042,-4.0841,4.0734224,-2.9798808,7.6112676,0.11212435,-4.0841,4.0734224,-2.9222007,7.6112676,0.11212435,0.03202943691052203,0.09877471844889983
12,chr19:17880862:C:['A'],chr19:17880864-17880953:+,ENSE00000689855.1,ENSG00000105641.4,SLC5A5,ENST00000222248.4,-1.8878537618041917,-4.2960796,0.8866843,-2.4390383,6.322255,0.16789949,-4.2960796,-1.7245221,-2.4390383,6.322255,0.16789949,0.999096180699649,-1.2470412666696828
13,chr19:17878082:G:['A'],chr19:17877963-17878093:+,ENSE00000689854.1,ENSG00000105641.4,SLC5A5,ENST00000222248.4,-0.08172084544029165,-4.0841,4.0734224,-2.9798808,7.6112676,0.11212435,-4.0841,4.0734224,-3.0331044,7.6112676,0.11212435,0.030938445161180075,-0.3266555639280378
14,chr19:17880886:G:['A'],chr19:17880864-17880953:+,ENSE00000689855.1,ENSG00000105641.4,SLC5A5,ENST00000222248.4,-0.08117402204341455,-4.2960796,0.8866843,-2.4390383,6.322255,0.16789949,-4.2960796,0.8866843,-2.4919086,6.322255,0.16789949,0.1022744408770078,-0.3253001544843091
15,chr19:17880937:T:['G'],chr19:17880864-17880953:+,ENSE00000689855.1,ENSG00000105641.4,SLC5A5,ENST00000222248.4,0.3362049861073496,-4.2960796,0.8866843,-2.4390383,6.322255,0.16789949,-4.2960796,0.8866843,-2.2222142,6.322255,0.16789949,0.11054465142659131,0.7092558877269203
16,chr19:17881961:A:['C'],chr19:17881959-17882072:+,ENSE00000689856.1,ENSG00000105641.4,SLC5A5,ENST00000222248.4,-0.1520659456544283,-4.3960977,1.6807611,-2.9325867,3.5975957,-0.056962997,-4.3960977,1.5127817,-2.9691768,3.5975957,-0.056962997,0.5047856723170965,-0.2526080866719571
17,chr19:17882007:A:['T'],chr19:17881959-17882072:+,ENSE00000689856.1,ENSG00000105641.4,SLC5A5,ENST00000222248.4,-0.20704007520772524,-4.3960977,1.6807611,-2.9325867,3.5975957,-0.056962997,-4.3960977,1.6807611,-3.0667868,3.5975957,-0.056962997,0.30262670441517886,-0.6372839468349332
18,chr19:17882007:A:['T'],chr19:17881978-17882219:+,ENSE00003000671.1,ENSG00000105641.4,SLC5A5,ENST00000597109.1,-0.09673302946548834,-1.2655714,1.4749014,-3.0282369,5.036935,0.4879812,-1.2655714,1.4749014,-3.0911608,5.036935,0.4879812,0.15894768919180421,-0.36386621752287335
19,chr19:17882027:C:['T'],chr19:17881959-17882072:+,ENSE00000689856.1,ENSG00000105641.4,SLC5A5,ENST00000222248.4,-0.06261966216800187,-4.3960977,1.6807611,-2.9325867,3.5975957,-0.056962997,-4.3960977,1.6807611,-2.9734678,3.5975957,-0.056962997,0.3090184482701226,-0.2793095206871823
20,chr19:17882027:C:['T'],chr19:17881978-17882219:+,ENSE00003000671.1,ENSG00000105641.4,SLC5A5,ENST00000597109.1,-0.029017327532239255,-1.2655714,1.4749014,-3.0282369,5.036935,0.4879812,-1.2655714,1.4749014,-3.0474055,5.036935,0.4879812,0.16084403744100773,-0.19601951891192598
21,chr19:17882058:T:['G'],chr19:17881959-17882072:+,ENSE00000689856.1,ENSG00000105641.4,SLC5A5,ENST00000222248.4,-0.2107394351112946,-4.3960977,1.6807611,-2.9325867,3.5975957,-0.056962997,-4.3960977,1.6807611,-3.0691772,3.5975957,-0.056962997,0.3024639639002286,-0.6464535386587011
22,chr19:17882058:T:['G'],chr19:17881978-17882219:+,ENSE00003000671.1,ENSG00000105641.4,SLC5A5,ENST00000597109.1,-0.09846721972548993,-1.2655714,1.4749014,-3.0282369,5.036935,0.4879812,-1.2655714,1.4749014,-3.0922813,5.036935,0.4879812,0.1588993629433245,-0.36816474949691175
23,chr19:17882058:T:['G'],chr19:17882148-17882219:+,ENSE00000689857.1,ENSG00000105641.4,SLC5A5,ENST00000222248.4,-0.07915097159713608,-4.2372823,2.6814027,-2.2663968,5.036935,0.4879812,-4.3978896,2.6814027,-2.2663968,5.036935,0.4879812,0.16278511137472476,-0.12248809929900793
24,chr19:17882063:A:['T'],chr19:17881959-17882072:+,ENSE00000689856.1,ENSG00000105641.4,SLC5A5,ENST00000222248.4,-0.2727312022565852,-4.3960977,1.6807611,-2.9325867,3.5975957,-0.056962997,-4.3960977,1.6807611,-3.1092339,3.5975957,-0.056962997,0.29974424750325035,-0.8001123380115085
25,chr19:17882063:A:['T'],chr19:17881978-17882219:+,ENSE00003000671.1,ENSG00000105641.4,SLC5A5,ENST00000597109.1,-0.12929411199194787,-1.2655714,1.4749014,-3.0282369,5.036935,0.4879812,-1.2655714,1.4749014,-3.1122005,5.036935,0.4879812,0.15804230530601304,-0.4445752709511645
26,chr19:17882063:A:['T'],chr19:17882148-17882219:+,ENSE00000689857.1,ENSG00000105641.4,SLC5A5,ENST00000222248.4,0.010999781820848958,-4.2372823,2.6814027,-2.2663968,5.036935,0.4879812,-4.216448,2.6814027,-2.2663968,5.036935,0.4879812,0.13777632449847918,-0.12248809929900793
27,chr19:17882160:G:['A'],chr19:17881959-17882072:+,ENSE00000689856.1,ENSG00000105641.4,SLC5A5,ENST00000222248.4,0.1255538561304804,-4.3960977,1.6807611,-2.9325867,3.5975957,-0.056962997,-4.3960977,1.6807611,-2.9325867,3.5975957,-0.0017407984,0.3107261923392061,-0.12248809929900793
28,chr19:17882160:G:['A'],chr19:17881978-17882219:+,ENSE00003000671.1,ENSG00000105641.4,SLC5A5,ENST00000597109.1,-0.13754406093309157,-1.2655714,1.4749014,-3.0282369,5.036935,0.4879812,-1.2655714,1.4749014,-3.1175313,5.036935,0.4879812,0.1578135758532317,-0.4650243935910634
29,chr19:17882160:G:['A'],chr19:17882148-17882219:+,ENSE00000689857.1,ENSG00000105641.4,SLC5A5,ENST00000222248.4,-0.4684268245880916,-4.2372823,2.6814027,-2.2663968,5.036935,0.4879812,-4.2372823,2.6814027,-2.569495,5.036935,0.4879812,0.12907720763243638,-1.2851824650750514
30,chr19:17883752:GGCCTGCAACACACCG:['G'],chr19:17883680-17883767:+,ENSE00003615706.1,ENSG00000105641.4,SLC5A5,ENST00000222248.4,-0.42853634085013126,-4.0470552,3.8416486,-2.3199172,7.6309934,0.3405835,-4.0470552,3.8416486,-2.4656444,7.22463,0.3405835,0.1020406112876098,-0.7770175395203437
31,chr19:17883752:GGCCTGCAACACACCG:['G'],chr19:17883680-17883767:+,ENSE00003558575.1,ENSG00000105641.4,SLC5A5,ENST00000597109.1,-0.42853634085013126,-4.0470552,3.8416486,-2.3199172,7.6309934,0.3405835,-4.0470552,3.8416486,-2.4656444,7.22463,0.3405835,0.1020406112876098,-0.7770175395203437
32,chr19:17883752:GGCCTGCAACACACCG:['G'],chr19:17883849-17884046:+,ENSE00003636196.1,ENSG00000105641.4,SLC5A5,ENST00000222248.4,0.0800011401986993,-4.7755594,6.323722,-3.1992226,5.182196,0.39906344,-4.6158495,6.323722,-3.1992226,5.182196,0.39906344,0.06635031415791119,-0.12248809929900793
33,chr19:17883752:GGCCTGCAACACACCG:['G'],chr19:17883849-17884046:+,ENSE00003463594.1,ENSG00000105641.4,SLC5A5,ENST00000597109.1,0.0800011401986993,-4.7755594,6.323722,-3.1992226,5.182196,0.39906344,-4.6158495,6.323722,-3.1992226,5.182196,0.39906344,0.06635031415791119,-0.12248809929900793
34,chr19:17883764:A:['C'],chr19:17883680-17883767:+,ENSE00003615706.1,ENSG00000105641.4,SLC5A5,ENST00000222248.4,-0.2203368642378672,-4.0470552,3.8416486,-2.3199172,7.6309934,0.3405835,-4.0470552,3.8416486,-2.482226,7.5210514,0.3405835,0.04843535913497628,-0.4936075007600398
35,chr19:17883764:A:['C'],chr19:17883680-17883767:+,ENSE00003558575.1,ENSG00000105641.4,SLC5A5,ENST00000597109.1,-0.2203368642378672,-4.0470552,3.8416486,-2.3199172,7.6309934,0.3405835,-4.0470552,3.8416486,-2.482226,7.5210514,0.3405835,0.04843535913497628,-0.4936075007600398
36,chr19:17883764:A:['C'],chr19:17883849-17884046:+,ENSE00003636196.1,ENSG00000105641.4,SLC5A5,ENST00000222248.4,-0.027006487542734017,-4.7755594,6.323722,-3.1992226,5.182196,0.39906344,-4.8312182,6.323722,-3.1992226,5.182196,0.39906344,0.08232060756159523,-0.12248809929900793
37,chr19:17883764:A:['C'],chr19:17883849-17884046:+,ENSE00003463594.1,ENSG00000105641.4,SLC5A5,ENST00000597109.1,-0.027006487542734017,-4.7755594,6.323722,-3.1992226,5.182196,0.39906344,-4.8312182,6.323722,-3.1992226,5.182196,0.39906344,0.08232060756159523,-0.12248809929900793
38,chr19:17888350:C:['T'],chr19:17888330-17888455:+,ENSE00000689860.1,ENSG00000105641.4,SLC5A5,ENST00000222248.4,-0.06623710925503495,-4.0589805,3.1099982,-2.9948883,4.262453,-0.06751984,-4.0589805,3.1099982,-3.038107,4.262453,-0.06751984,0.18915679073332187,-0.2882760754687722
39,chr19:17888350:C:['T'],chr19:17888330-17888378:+,ENSE00003011215.1,ENSG00000105641.4,SLC5A5,ENST00000597109.1,-0.1735310916646819,-4.0589805,3.1099982,-3.7138095,-3.4041448,0.10508263,-4.0589805,3.1099982,-3.8263574,-3.4041448,0.10508263,0.9405189956091432,-0.5542253341212581
40,chr19:17888397:C:['G'],chr19:17888330-17888455:+,ENSE00000689860.1,ENSG00000105641.4,SLC5A5,ENST00000222248.4,-0.4613195963352936,-4.0589805,3.1099968,-2.9948883,4.262453,-0.06751984,-4.0589805,3.1099968,-3.293394,4.262453,-0.06751984,0.17684590739396425,-1.2675658006316624
41,chr19:17888432:G:['A'],chr19:17888330-17888455:+,ENSE00000689860.1,ENSG00000105641.4,SLC5A5,ENST00000222248.4,-0.10579214420241576,-4.0589805,3.1099968,-2.9948883,4.262453,-0.06751984,-4.0589805,3.1099968,-3.0636659,4.262453,-0.06751984,0.18789527025753386,-0.3863210168902332
42,chr19:17888445:C:['A'],chr19:17888330-17888455:+,ENSE00000689860.1,ENSG00000105641.4,SLC5A5,ENST00000222248.4,-0.07627401211728242,-4.0589805,3.1099968,-2.9948883,4.262453,-0.06751984,-4.0589805,3.1099968,-3.0445924,4.262453,-0.06751984,0.18883610422452515,-0.31315451520447285
43,chr19:17890913:C:['T'],chr19:17890885-17891001:+,ENSE00000689861.1,ENSG00000105641.4,SLC5A5,ENST00000222248.4,-0.048962360405512786,-3.7776074,3.0937505,-2.6076698,3.789029,0.18812525,-3.7776074,3.0937505,-2.6397262,3.789029,0.18812525,0.22542962312270007,-0.24545720951972314
44,chr19:17890916:G:['A'],chr19:17890885-17891001:+,ENSE00000689861.1,ENSG00000105641.4,SLC5A5,ENST00000222248.4,0.1696585192099124,-3.7776074,3.0937505,-2.6076698,3.789029,0.18812525,-3.7776074,3.0937505,-2.4984617,3.789029,0.18812525,0.23348747442349768,0.29643768107806556
45,chr19:17893851:C:['T'],chr19:17893712-17895174:+,ENSE00001213003.5,ENSG00000105641.4,SLC5A5,ENST00000222248.4,-0.018361650826157185,-3.5955994,5.86105,-4.061285,-2.9929523,0.10508263,-3.5955994,5.86105,-4.0735683,-2.9929523,0.10508263,0.8858377015414974,-0.16960732638463757
46,chr19:17893860:C:['T'],chr19:17893712-17895174:+,ENSE00001213003.5,ENSG00000105641.4,SLC5A5,ENST00000222248.4,-0.027013415340309765,-3.5955994,5.86105,-4.061285,-2.9929523,0.10508263,-3.5955994,5.86105,-4.079159,-2.9929523,0.10508263,0.8856551664155693,-0.1910524280287339
