gene_id	gene_symbol	description	scientific_name	common_name	tax_id	genomic_range	orientation	location	gene_type	transcript_accession	transcript_name	transcript_length	transcript_cds_coords	protein_accession	isoform_name	protein_length	protein_name
6528	SLC5A5	solute carrier family 5 member 5	Homo sapiens	human	9606	NC_000019.10:17871394-17895175	+	chr 19	PROTEIN_CODING	XM_011528192.2	transcript variant X1	4189	XM_011528192.2:927-2891	XP_011526494.1	isoform X1	654	sodium/iodide cotransporter
6528	SLC5A5	solute carrier family 5 member 5	Homo sapiens	human	9606	NC_000019.10:17871394-17895175	+	chr 19	PROTEIN_CODING	XM_011528193.3	transcript variant X2	3693	XM_011528193.3:698-2395	XP_011526495.1	isoform X2	565	sodium/iodide cotransporter
6528	SLC5A5	solute carrier family 5 member 5	Homo sapiens	human	9606	NC_000019.10:17871394-17895175	+	chr 19	PROTEIN_CODING	XM_017027158.1	transcript variant X3	3657	XM_017027158.1:695-2359	XP_016882647.1	isoform X3	554	sodium/iodide cotransporter
6528	SLC5A5	solute carrier family 5 member 5	Homo sapiens	human	9606	NC_000019.10:17871394-17895175	+	chr 19	PROTEIN_CODING	NM_000453.3		3604	NM_000453.3:376-2307	NP_000444.1		643	sodium/iodide cotransporter
6528	SLC5A5	solute carrier family 5 member 5	Homo sapiens	human	9606	NC_000019.10:17871394-17895175	+	chr 19	PROTEIN_CODING	XM_011528194.3	transcript variant X4	3096	XM_011528194.3:200-1798	XP_011526496.1	isoform X4	532	sodium/iodide cotransporter
